episode,lead_adversary,adversary_0,adversary_1,adversary_2,agent_0,agent_1
1, -5.438919410972366,-7.9627286961118235, -4.849403787221597,-2.941016904043531,-438.9077886007221,-31.56705914425729
2, -12.311960104192726,-13.915204755034638, -7.840304065294009,-13.058954625613428,-748.6262725521884,-729.0857346238303
3, -10.860276178768933,-9.85870829697701, -8.977279718908733,-10.750607081968385,-414.10522198260463,-330.97034052144073
4, -4.878093677722011,-5.909347931937195, -5.204916705557736,-5.176176459920211,-130.79183986353146,-92.00252507492749
5, 0.7277553664909844,-1.4754993360108326, 1.1681692624622135,0.3374385656904084,-2.535047998045321,-97.52741407669583
6, 6.799023108890668,0.9830256593100927, 6.5714424651091,6.811616342960242,-127.97505070799883,-11.823057162137392
7, 5.514539503113934,9.996476236564973, 5.4399215613235,6.898959042079112,-607.7588790218102,-303.02721930570704
8, -2.707200941950052,-4.284145534731103, -5.636525863908523,-5.097587555590923,-394.8017864283013,-94.83776923464075
9, 22.64339681134105,17.830537016272757, 18.205369589432674,19.43758304205912,-68.19332075587162,-345.93368710905634
10, -3.141671231034943,-4.709722049159416, -3.5498459605084336,-2.7744817652303007,-61.01965187220846,-1.6899644240232075
11, 26.7101459637308,24.324820023405987, 26.897196028154273,27.564230262460306,-232.9376555333209,-777.457227819452
12, 1.5016084762815365,0.06296284957297776, 1.2652291921897283,0.016567253046311792,-44.09483558759596,-766.3962818360247
13, -4.821146212093282,-4.202337395069841, -6.356940382459232,-4.630588279258542,-21.137447020597552,-328.6989322469848
14, -4.773646983828062,-2.363885762441485, -6.154966846677465,-3.651896727277418,-40.13982094127883,-182.76717405710033
15, 6.394087704713373,3.8413688649692075, 5.550140839879625,7.1539560406122975,-2.3167290187131853,-133.64857189138675
16, 6.175304703491403,7.173282049617576, 6.054036984080776,7.7033670799617635,-1.8184509570683394,-23.648508228643987
17, 37.242657330634565,35.490895414386735, 34.679957347916535,38.50375908880927,-2.3484789529153836,-87.5227537217089
18, 6.598129487526388,5.381418125678458, 4.4185757694677585,7.872410144689817,-2.5011251241604,-17.49178477428135
19, -2.488276616445881,-5.074325181183266, -6.214049036089519,-3.695801544492907,-2.3837110625610207,-2.7024399096279184
20, -4.1532780536751055,-9.714822285645662, -5.07479554323379,-4.957088061924429,-2.7115946200114265,-2.715846665630238
21, -4.2331345746461375,-8.905831494603687, -7.782465494590023,-4.4650598334325675,-39.88367479322979,-6.491040267375807
22, 6.914916148210501,5.47909631765944, 0.7581182899092753,5.11028228868355,-3.1331679883030974,-46.987634847945884
23, 2.9799535392325116,-1.2989831146699093, -6.94918092977205,-1.32749939224901,-83.35384869215916,-49.93042371802648
24, 7.25974545185574,6.115013193512694, 0.2521442353383074,3.8552254036105764,-67.56433834940698,-101.93690314220628
25, 1.8418778997904355,1.199593698531227, -5.765814143916005,0.3949019004346929,-7.873548194485794,-2.7040460175529972
26, 12.318767530885191,12.004602415664742, 9.216525459819383,10.628054919318746,-17.894669745717902,-2.8499954584549925
27, 11.144727771353837,10.428154885102504, 7.639785559350807,11.640363296354565,-17.48262380724765,-12.685235743741396
28, 0.43793593719071,1.1906026844503126, -1.9796996305192258,2.3027350210233566,-3.038509673628296,-7.758557877964684
29, -4.699972558781091,-2.552247259729663, -5.53649418885894,-2.7071425975032977,-2.7283756416416827,-17.40394340691881
30, -4.806983899119286,-3.8478710273777867, -5.327036811184523,-6.651807889662185,-2.8237109520474895,-2.499433827285986
31, 23.732078744208323,26.708645073288178, 26.22595072968455,26.772227825627134,-2.7830811535710103,-32.27350999470947
32, -3.9980673781100937,-6.651095616683048, -2.295723890415677,-4.787499845138021,-3.2236377428098786,-3.0841737942738776
33, -3.976321900988946,-4.992726493223336, -4.761121962999143,-5.466090737372923,-6.59931959647233,-1.541702561265055
34, -4.809823374210553,-4.071058241709689, -4.404279477501886,-4.103500277429917,-15.809161128755258,-408.85561917633214
35, -5.518218691860837,-5.391549502449216, -4.303983191572765,-6.724251057874405,-2.926623463108556,-284.95172794323497
36, -4.562156263464295,-5.710414017945013, -6.056350384026258,-6.34393672313709,2.30352395223957,-1.6139369475776932
37, -3.284173260400122,-6.76117472097209, -5.327614877001967,-6.1935599658825495,-50.45874366794367,-1.5686972409343996
38, -2.9766522432440006,-6.012403034390131, -2.4380255842048983,-4.484495326617715,-3.430474213602482,-1.398920847879412
39, -4.091954759774642,-5.050281767116073, -8.14369438406113,-4.563926562004701,-122.61996334472273,-154.5979208414723
40, -1.648661285833897,-1.946198436199195, 2.324552427516102,-0.24554096710754209,-3.5867975728843793,-6.911961687051255
41, -4.64541651232047,-5.379593963179398, -5.592492785710307,-5.224294328548616,-1.811595679770601,-199.47753153519602
42, -5.944386123609682,-8.769144383270795, -2.5847205603138206,-4.232982249171062,-3.014092739856638,-277.2730504340144
43, -5.618305646575248,-9.746007262358852, -4.96662524503252,-5.467634370526976,-3.3262272405551325,-3.1672355540547716
44, -4.896272767214797,-11.67869230057718, -7.203791781575257,-6.807597693925909,-418.2815157235929,-3.4359959812512937
45, -4.508353339743467,-11.279004520118841, -3.560869656218588,-7.894909723734688,-3.5576343266533192,-2.4237643900434893
46, 4.440938898841797,-0.8356911936776987, 8.09144058197388,1.592464941939487,-443.42570393460835,-13.039836336927994
47, 3.7821030221081027,0.0017593832776530427, 5.559610430501846,0.5101098214823562,-379.6210744271836,-12.65838602300268
48, 17.012073789697023,11.782068664816556, 17.003694014595183,12.666902679791345,-328.6395418376071,-22.01186991410297
49, -7.493833295061164,-7.113619289947184, -4.118149307205289,-6.412920961003345,-683.3106232428436,-3.49195800992273
50, -1.138550730692357,-0.3638363720354354, -2.1503325440573064,-4.172913971006291,-2.4928615441660242,-47.66408905257377
51, -6.726825007160001,-9.211907328967795, -4.645261418724141,-10.611500611405726,-35.95257888748524,-35.14585065417994
52, -7.006057614295779,-7.587549235789337, -5.923487342117604,-7.367141714743661,-4.816700379377994,-543.9267173179633
53, -13.854647207233809,-15.870024758197408, -12.284169039569113,-14.50905125820624,-1173.6469566874443,-1250.7613739994554
54, -7.2739863252684405,-8.592981620031958, -8.219187654793314,-4.6884421746693175,-60.77162445370665,-181.3469598841289
55, -6.046272477224509,-6.558022252997449, -8.25377147836396,-5.734347177001068,-150.0678666255966,-117.80679082979638
56, -6.99472995203103,-8.986915344654053, -7.547148595370849,-4.576637253948112,-2.577763347696874,-72.92364655788616
57, 1.2715952813150795,0.7500691082462521, -0.047771431124087896,1.6022710304197763,-55.68879906748248,-6.944658791723442
58, -5.4735120720526655,-5.641933278507214, -3.1363795643174464,-4.733584875533178,-32.29625197320909,-57.0610061103469
59, -5.477787275453843,-6.99835715761849, -2.447314535343328,-6.044380756995965,-2.995953643756902,-71.8176298834569
60, -3.2550761008347644,-6.357878481172848, -5.300482631498013,-5.874205247369974,-89.21665797050487,-3.647736528107621
61, 3.022815298942487,2.4607134337177485, 8.10392181904513,4.5714678009592395,-2.972445446726353,-26.901252628899744
62, -5.646152308790065,-6.234594734480612, -3.3684462122983465,-4.2552453007327955,-3.0649403885148687,-71.62500343355
63, -4.538513061646922,-5.179598792792723, -4.422167623914948,-4.097270533220879,-2.4181929088222827,-15.291161025565204
64, -1.2984911647832513,0.6202575499527363, 2.5660797800562043,1.9710675563059334,-2.865701535209465,-64.66510675341661
65, -6.430737485667221,-4.349038778166833, -2.225514277268268,-3.375159139073995,-2.996598463959634,-4.901100151634216
66, 7.358485036157315,8.835822949190502, 13.082169276431003,12.627893307942617,-103.16092027115329,-66.77221383003901
67, -6.558440458371177,-5.536540282604984, -3.035947646742394,-4.141208919084378,-3.292464278600445,-68.50683404888161
68, 17.60526685472888,19.394764770765086, 23.20715527093439,21.421313058030456,-102.61517490074533,-24.059654031356978
69, -8.502497842058471,-5.201486035978672, -3.108510975620191,-6.34263616019481,-84.46868879639754,-99.23572264137012
70, -8.779975817083258,-6.357237791435613, -3.8407417431837474,-3.8005983469277087,-70.78642094780787,-3.4457742094713284
71, -2.7295166820773766,-0.06220120650002516, 3.6965839753368557,2.3427863863596965,-108.59846770971537,-3.7285798521743287
72, 33.148289953082894,37.78077476608539, 38.10692982600628,36.997895632721715,-119.08877075318262,-13.380126201977895
73, -6.867695304611523,-5.96966925737496, -5.048745808941463,-5.2121069199119665,-3.3592544912892004,-2.5228556126169592
74, -5.736832161208287,-7.891014387991417, -4.121299890659259,-5.575314696547164,-3.6635538625158115,-2.61982954002732
75, -6.412176789836314,-9.139409140196662, -4.661732539186595,-5.102759456981055,-29.19381042222647,-2.929055953902679
76, -8.280880936857733,-9.461626286096347, -6.440445718847787,-4.798938212657058,-7.491517009598011,-80.63059197870639
77, -8.855922555847108,-7.069106703837114, -3.684705949486199,-5.002516410227082,-116.77749190749697,-49.13886690661946
78, 13.224269813657472,17.954813864078197, 16.70460093768818,17.64067871184181,-95.76498084368406,-22.7113447501685
79, 1.4786736625149577,2.099728030858284, 6.929328283682804,4.114593846314305,-118.38678385580518,-123.6592214137519
80, -4.902471761579564,-5.677218395857277, -4.779535286546555,-6.890468143817062,-32.28828652833715,-71.07552450879152
81, -4.517542912676979,-5.628999679569013, -4.571059911881704,-4.413934460332338,-20.865637653952643,-2.6710535950448646
82, -4.545990042946711,-3.6826879523584277, -5.285770247485926,-2.9673597981228514,-40.11687224673537,-2.74403369479716
83, 16.937737906406586,16.54283299230491, 15.58710696667118,17.793999546793245,-155.7753800574366,-22.897268901810943
84, 0.932831303504071,-1.7510245974994183, -0.7922236878771797,0.7197613940178346,-192.60615234117137,-28.98090469961573
85, -8.98140397030064,-7.210253603012559, -6.40030995574911,-7.236418413665174,-3.01379623016108,-853.5693812488831
86, -4.834232433658941,-5.79166600670733, -7.849248707702783,-3.990070756938676,-123.45700327788667,-105.21198207893173
87, -5.973429550614665,-3.80597112831462, -5.5551998002173635,-5.510739050367623,-57.47769395188418,-129.6221571485276
88, 5.965768288671581,5.162275333793138, 2.6172649597071165,3.6453468028587874,-170.04355990724025,-33.915709999122576
89, -8.33802631699344,-8.673306355190347, -6.721941316470255,-8.256775882885773,-123.3803889319412,-121.83360165959904
90, -6.337838146892964,-7.471637792797153, -5.484763373552465,-5.655175768604966,-3.2515955128419174,-27.036245489606127
91, -6.977198278549395,-9.091446313591243, -8.174717039311803,-8.176250545418506,-2.991684992161396,-2.6799407704783564
92, -3.4837086738930787,-7.251668436195022, -7.114238079694502,-5.2605560741926825,-2.923453941866924,-1.7666344601806092
93, -4.561736182981669,-7.9750773044097985, -5.318117318142783,-8.435318274868933,-58.73237060734483,-47.40652149196231
94, -1.46658469814894,-1.5442931086648068, 2.5943327002979903,-1.3760096866668452,-15.969884079183727,-9.326816482451765
95, -6.636269845559747,-9.823165918013737, -3.507659000863647,-7.379732576511398,-278.259898150443,-117.9553632917543
96, -6.008033014030221,-8.371640899299468, -5.297657786049682,-5.710004832363913,-1.8933180287118194,-2.451637201914729
97, -4.8515880190893865,-6.650489889945517, -3.23955645611563,-7.121181483327788,-172.29875123528495,-2.760957668780239
98, 5.899276640695298,5.9175240789765065, -0.10406214350293591,5.226946206206719,-231.0477965389491,-11.638023339698712
99, -2.912221943196091,-2.9954116625936598, -7.602206457844417,-4.6085298667163785,-8.629348881650964,-1.6239079846263214
100, -3.3370148077613675,-4.471943154828961, -7.838653305147897,-7.1391774385030295,-231.5227687239401,-2.0198148457235052
101, -5.7600126590631175,-4.597973566672773, -6.362838596942872,-5.520134802185367,-293.07249054477245,-2.6596336383595616
102, -3.3967852284025004,-3.9796674941263763, -7.298957018479946,-4.246408334411651,-2.9531465833888597,-1.8173524921344517
103, 0.07026495504696767,0.780635048018471, 1.0701747497326621,0.2753785088078414,-11.580969978475771,-96.10251293773396
104, 7.898763326057953,8.648900126345072, 13.337967504454312,8.4219833287693,-126.21899763403157,-18.455999018567255
105, 9.409682504513542,10.767376528562105, 11.991308079205606,10.783392698913369,-12.42970525722559,-102.99853838316164
106, 6.548848400029745,4.717244507516786, 1.233093751175529,7.829029564903474,-26.253593316918398,-119.41826831142795
107, 20.727507966710572,19.28707505967635, 15.547625405795488,21.98099685589384,-187.5756851066348,-181.18523474887644
108, -5.424147888844379,-4.344720079206186, -8.680132176079898,-4.184601846725525,-1.5527361209247856,-248.1311075029855
109, -9.945402397740438,-6.771012926579328, -7.171527657143306,-9.644204942881332,-26.094993502874573,-853.1939798276443
110, 21.698688567434807,20.29713284024123, 20.013449589828106,17.15506100702744,-22.82114882683201,-115.70619759734824
111, -5.243279843709505,-5.3432869727888646, -3.358894413083007,-6.144703165354366,-49.72222136655198,-280.2140681933491
112, -6.025139161789308,-5.993385589926582, -9.478794666932746,-3.8340381217289323,-41.60128488605524,-205.3625663574703
113, -5.947640539685058,-5.94465787760912, -8.049881910347207,-3.531185352506925,-105.41639345642075,-107.7799732985488
114, -0.5502602282579799,1.4598301578736643, -2.4242490641989445,2.337881663304119,-6.605956793164034,-146.57787778633195
115, -1.514338293217654,0.11363076555421474, -4.757721867369744,0.589319158507188,-57.00331307009406,-331.23809875675204
116, -7.274857366421705,-6.977805996066032, -4.708534275882006,-4.3298480460169255,-283.3337979557848,-666.3039100094975
117, -7.205214191876165,-4.8020945712627015, -6.3572966849134325,-4.818203679976843,-3.6133261963278005,-703.9313956056588
118, -4.647094931328752,-4.503919549630935, -4.754555901761135,-4.5010401992599025,-3.3140690190607036,-343.789750739495
119, 4.868172625937693,4.28368186857922, 7.624166668693552,3.319076485512409,-72.60324102010686,-293.23351887483636
120, -4.095919131330378,-4.5632843304003226, -3.712030083502682,-4.919474256133637,-40.259111497260335,-232.39928408361902
121, 6.882820980975339,6.311570841751355, 6.348176376874949,4.986903106175148,-1.5448531217238928,-146.15169270977273
122, 5.022400724572379,6.553708844869332, 5.828932574346451,3.4560881898080384,-314.55334254645123,-57.35436457571451
123, 0.47166019331635045,1.9954442328048656, -0.5562486434945796,-2.162287479194376,-778.9471594546227,-6.927879145671309
124, -4.073738249974457,-3.002120617979634, -5.821196343261954,-5.761822878393128,-27.017387631272427,-2.502532330024232
125, -4.506749764066643,-3.196426127980869, -6.585152036168137,-4.568740374053296,-20.222873441695793,-2.1706247365007423
126, -4.468782947379687,-3.5273204396734785, -6.620675670392745,-4.6684386526982165,-94.7870231371801,-33.34475121939599
127, -1.6538330885266137,-1.2762001676029893, 1.5162875386754302,-0.9869323951407225,-190.07969185015975,-394.75968406313876
128, -5.96857711538008,-5.9189489153507795, -2.688564923759513,-6.480095121927256,-549.2018069608838,-93.61342464092424
129, -6.572736588646889,-5.919771207104245, -5.265424037064835,-6.014396134544788,-133.09893280426024,-452.7794903819245
130, -8.192721364625902,-6.874960136737161, -5.67145735583556,-9.128393497495832,-104.53882116519786,-795.8969408609855
131, -13.36499669645431,-7.4886279552659065, -6.25571418020055,-7.751209206250388,-487.2528416642791,-688.677459400566
132, -8.144584593879864,-10.743672577041002, -6.113924814524581,-9.960856464704806,-373.3960583994901,-246.05288787529798
133, -6.734119601854477,-8.534209151919578, -5.911662511384134,-9.537538238203904,-20.901839595221134,-768.353017225755
134, -3.514289917416903,-3.818582086488261, -1.986949192609866,-3.54349038767377,-3.6462762678210563,-873.2535290366078
135, -9.181728274153066,-7.689645377863812, -6.140578396616055,-7.184920361813324,-4.743356439104795,-774.7452775747532
136, -6.27337021684523,-9.621244390552542, -7.575498846168286,-8.845866138281142,-18.331764448265567,-793.4648985248489
137, -6.49616069443021,-7.64136429561055, -6.076696843725103,-6.969098059637692,-4.6525994369275185,-721.4869351639463
138, -6.603567403034028,-7.686951344033531, -5.938839176164741,-7.750394821882426,-3.2192311006723875,-808.37159382643
139, -3.8382844843817683,-4.005585118859387, -3.728527390963226,-3.761504946448645,-2.079096513481513,-531.0939164484134
140, -6.730465746060275,-8.709356617634471, -5.585233676722165,-9.009749407561618,-3.1740938450878757,-828.9164245027206
141, -8.584543711785997,-9.41332037961472, -7.058084319475218,-9.338231903496823,-18.98384538441996,-764.8933103676771
142, -12.096724634069764,-12.220277971751132, -7.377788115951904,-12.013935905790014,-289.10429729684864,-806.3988147507248
143, -15.780539288468624,-9.99973703267115, -6.419479756592055,-7.786654901085927,-746.3207742872823,-793.884630051526
144, -8.371738918057192,-7.054092421288702, -3.4832227851445507,-5.436873716041396,-17.335695036781914,-620.2537724550011
145, -7.720945536379939,-6.956709728576703, -5.246166551370758,-5.319829742320456,-35.48522875547456,-439.98882381424403
146, -5.09887645473073,-3.229427066398341, -3.121682468113536,-3.1582159877268214,-2.642861230042914,-1.4773443663827932
147, 18.97110585329576,20.72818453584287, 23.388544864685414,20.955244650088915,-28.498204992876126,-124.88682522186575
148, 2.129028508766872,0.8101038101808555, 2.139932364012658,1.371968956657811,-8.018609074672876,-173.01550523068215
149, -0.9816966498971426,1.689659199781967, 1.2471503767511365,1.429718342544097,-34.87666722266962,-242.01344492722862
150, -8.316722499745238,-5.86723624419418, -5.488191998102155,-4.909261482034287,-160.78437596443624,-178.46758863223437
151, -11.66197939754691,-9.074226185412579, -9.201351905937436,-8.70170441224438,-748.7464206946852,-854.908626329164
152, -7.186786321782788,-3.710477356986942, -3.3751760105390685,-5.100503389562214,-207.1571896359308,-8.990063758817296
153, -10.53379657908157,-14.223788289183616, -8.47299994593316,-15.221262221720224,-204.87708626421906,-855.5930731076392
154, -11.148938175925126,-14.230625611327604, -8.891484730377472,-13.393157653926183,-484.195042384633,-830.5655923754418
155, -12.386919238878251,-15.224384266055852, -10.04180407718889,-14.667028585454213,-688.6223592539461,-849.2262844350957
156, -8.299919145996496,-10.28156094540092, -9.30804741171524,-9.458203632605777,-669.1346575411433,-869.575174802929
157, -5.684287665590969,-8.036527809291838, -5.7643248561509495,-7.8241026921779655,-3.1317692641111137,-721.8989468758695
158, -4.71306108045389,-7.121402000451614, -2.0240713707090894,-7.639402558951554,-47.92641878034782,-116.8886491551514
159, -6.076158616125932,-11.657067145801589, -9.447885617964067,-10.802657438100757,-582.1339864566634,-835.0936317534844
160, -6.095612018907149,-9.785260374701469, -7.730394630788891,-10.775640910388335,-408.0224584754349,-838.3880808108008
161, 3.314716562926226,4.154645062318264, 8.185200745989647,3.7425590393921695,-979.187020945892,-711.7815851292715
162, -16.78674357448368,-15.397675877650165, -13.35137251237433,-15.942559695334818,-1122.8783235198307,-850.8241421619193
163, -11.561619330527432,-10.792904628599269, -8.167020969620655,-10.926112840819549,-1172.0691476782235,-801.9666033590049
164, -8.971646088056328,-8.351061611310659, -10.197296725026838,-9.762093390976416,-401.64715018894026,-776.6608440474987
165, -8.178053805999646,-9.908565121069808, -9.08310575184674,-10.26173712328062,-291.1041331086158,-856.7384190621411
166, -7.3679478441462525,-11.694323740665288, -9.640119571124277,-9.177201492014824,-157.17170469655116,-853.7485592103321
167, 2.188441145670156,6.482426279374509, 2.95520190885303,5.9542955343048005,-12.290652508217995,-855.3264773084767
168, -5.310895173897903,-6.853896630276388, -8.930049371054007,-5.975125549084365,-94.25253864601262,-418.9296923830726
169, -6.59738671305445,-5.037319284490662, -6.738832041241393,-4.431384595390687,-85.54099738593888,-155.26488072325196
170, -6.596360446006397,-4.117634245353932, -3.1226337840031158,-7.099147660697205,-3.348835330444396,-2.7850123818394987
171, -4.599999558665419,-5.398690806716971, -2.2737692864968504,-6.513022576406769,-3.0885979154761487,-2.6683699696897683
172, 25.51649323643951,24.0458734988117, 27.332074323634014,23.059832607928804,-7.528648521465244,-27.59142653380679
173, 15.523174353027912,13.965501214589834, 16.72933752801407,11.940894682141824,-12.884829823334755,-12.574692882614116
174, 14.863465155095414,13.050704252849833, 18.069341594917034,13.739385025291638,-12.966740027611678,-12.824450938686105
175, 30.564939968738905,30.11284718756526, 33.881058887593845,29.237469730492197,-3.258954323472707,-37.18036201936856
176, 41.38110312260088,39.877707700052184, 43.73246466015206,39.50714271966039,-33.11363229112669,-17.886387240165742
177, -4.473585345638589,-4.990792539323516, -2.831252324075207,-4.923555182674484,-3.099930643094094,-2.876883615866085
178, -4.70914092521907,-4.99927721307753, -2.5462321542656126,-4.73157137762857,-3.1821161548665926,-2.866223129332358
179, 51.41916380623831,50.35255141362435, 53.33698168909761,51.625722737703335,-7.833463110299361,-53.00163049847113
180, -0.31040902827350786,-0.22352044864180537, 2.93215772070803,-1.3643901217103267,-8.063615962602551,-3.088510152089873
181, 48.71299719785358,49.70514553659125, 53.591923392020966,51.277464919554994,-48.21152909703836,-12.676202230845455
182, -5.336850144765495,-4.7648192279564725, -3.0239455010791074,-3.7878760844071255,-2.8070499270560636,-2.328374594788537
183, -6.107510283911863,-5.6637470115505115, -3.180698252936712,-10.31872177504204,-3.1666375304936754,-2.47583261650687
184, -5.996359997255179,-7.34103233828293, -2.172680639449591,-5.785958179533603,-3.107873946418231,-2.8790249916876736
185, 15.590675195227693,15.330755580376103, 17.934875561909053,15.944137791037557,-12.389203757134217,-12.777592380209454
186, -7.637492274591884,-8.259215313540045, -4.087764888512703,-6.719390642634772,-3.6057997406224516,-2.9740339504585767
187, 27.898355727679935,27.67018934410093, 34.00597305790837,29.293347758514354,-23.788603354886355,-18.268672131575293
188, 13.357412884540302,12.838497865048963, 18.565874214205028,13.666188322229427,-3.767353309743893,-22.989338743266778
189, -1.0794210610559072,0.5340455982753752, 3.070225067992671,0.7644526168971496,-9.319970060161861,-2.6048887678960355
190, -7.729073344889126,-7.2796110794008575, -3.0822938531907234,-6.3495590110546365,-3.3883495290427503,-2.666818940579856
191, -9.447290698200144,-5.800737665945367, -2.267942794021224,-5.618286578176048,-8.254369775744925,-2.5694326815806825
192, -6.956350303016427,-7.3205113313711845, -2.2020380089293767,-5.751775586485081,-3.7683378550733027,-3.0199969875932706
193, -6.781488402361537,-6.2760645899760235, -2.8227867186081173,-5.495582069876031,-3.5879143165303726,-3.1206011185633313
194, -5.104750573519788,-7.5785276240662105, -3.8291614685187114,-4.859190051103225,-3.697074254541339,-2.7005109671207492
195, 14.784389087391302,12.549896257307864, 18.683846957375383,14.300059382098102,-18.483883580657608,-7.729056500869036
196, -4.2911126465054386,-6.715667323157248, -3.2864772690026856,-6.745788029254852,-4.897500104887115,-2.529376224976058
197, 1.1628935009982286,-2.5786623852916213, 2.5159421718343156,-1.4932702698488627,-3.1536434805580136,-7.484622747807351
198, 5.491472941080875,3.2619236394398405, 8.529833067075346,4.1371378420399125,-12.72876221887915,-2.784027996837279
199, 5.605773765104223,3.6933301039722184, 8.536279718552969,4.2881800949630176,-13.198709046899108,-2.227939897069543
200, -5.123885299237946,-5.673848148875748, -3.9070881430451276,-5.4141156067118805,-3.3341112876860253,-2.737186588979256
201, -4.512610536189905,-4.800478514597506, -3.9701366787532155,-6.134966445443575,-3.0234393130829043,-2.234188166233579
202, -4.864543778216867,-6.825404848822096, -2.5113457141901274,-6.234709326222261,-3.4431540642447556,-2.8046380715646193
203, -4.442492470268637,-6.056899540180735, -2.078988359115046,-5.087374891427138,-3.1717086107945835,-2.827266367460894
204, 5.804829833724128,4.83720757778976, 6.602643276209554,5.557502497557111,-12.334720013530184,-2.06509537341799
205, -3.190494528293152,-3.085140039594544, -3.276813660588709,-3.8704402174937136,-3.162388573527421,-1.8883987836787182
206, -4.460284962179901,-6.62487454865907, -3.437717266249437,-5.474203134767791,-3.0118476675200365,-2.988585970758171
207, -3.5676001854866772,-6.264286250567078, -4.880419969858668,-5.692251636102261,-3.5177317381637327,-2.5507584031516033
208, -5.707160051240236,-6.019384017739072, -3.676241083547462,-7.568913689406734,-3.3611922728648223,-2.77336644944781
209, -5.4162894284826075,-6.184548775593954, -4.221285331620628,-6.5669276584532215,-3.563972622174608,-2.8688790231231764
210, -6.76443808569643,-6.45868654525414, -4.339211233347744,-6.7727139652557815,-3.810358537827656,-3.202465189383215
211, 23.968457938782986,23.611447103973163, 27.69863813426675,24.994754152473305,-12.954394411375107,-22.948384526767708
212, 49.396144096978134,48.685333930865305, 54.03767777461436,49.36430549008861,-43.58111873325847,-17.97866980395768
213, 5.115239035272573,3.479463446501896, 8.699943214896926,3.6560552675223983,-5.760587633358704,-12.951231011346282
214, -5.163388895428531,-7.18294971746413, -2.3860807579618655,-6.146316779904937,-3.251062215711331,-3.23837225132323
215, -4.451514279550368,-7.931695784243615, -3.2966220854162613,-8.601780319593239,-8.438719145368715,-3.1456328779541356
216, 6.316841130961683,6.188907974966987, 6.676425045386511,4.066442001979832,-3.365363496246391,-11.999964249685261
217, 6.251310025661976,6.025403820329546, 8.032621341771007,6.8141974482350784,-3.259432240481706,-45.0200898428202
218, -3.4113430996226435,-5.484844258775564, -3.341240861343628,-7.531920116028045,-3.332045894352152,-2.5390522511743048
219, -3.8333770356548946,-5.125297712081582, -2.88188300565302,-5.713283003982838,-3.673741714134661,-2.528125354588217
220, -4.432894055304208,-7.297204881084991, -3.604267980212178,-6.550899839108679,-3.4977453125361677,-3.1218366569666847
221, -5.329155519096346,-7.03260709820839, -1.6863887008872551,-6.286205883464196,-3.6249654758996788,-3.481556461520031
222, -4.942864921497066,-7.038119581784239, -2.705609495005161,-6.273958411109013,-3.559964442958827,-3.297028000751343
223, -5.526456544662064,-7.7453487263549, -2.293887541143047,-6.642875667067681,-42.11096418954045,-8.567138655510895
224, 45.03993832617992,43.919903820197966, 48.745669238325966,42.97102758312982,-28.44846558563923,-28.041567327699777
225, -4.73664557130267,-7.437792597100334, -2.9988671584928612,-5.829923635925452,-3.276895178990298,-2.6618870483441444
226, 34.31736226963357,34.7720237273029, 38.82247911766835,34.12298886477495,-17.92798849034337,-27.85871514467086
227, -5.374817982597233,-4.587317910235944, -2.0981528970537653,-5.568366208224849,-2.679375712323442,-2.6929451405511906
228, -5.438043149781725,-4.073365556963964, -2.3520526650022515,-4.190092467872734,-2.5001577911664965,-2.541315945454395
229, -4.201202908247332,-4.258344600480336, -2.792538735303252,-4.104454916140895,-3.020157374479187,-2.34253144061534
230, -5.433578346278325,-3.8788892478575545, -2.429087676692796,-4.922621450621157,-2.735437061770471,-2.7901406023221673
231, 1.342432807839965,1.0919450779240298, 2.5814959838144462,0.2962795578457891,-2.8001781437770314,-7.149061780554227
232, -3.828680060538728,-6.056652904646338, -2.9487996112194286,-6.545654607344297,-2.91055892371023,-2.797551416022925
233, 13.087387664741415,12.264411103491096, 17.962542567507114,12.421238272539965,-64.25724371527564,-8.446081761178306
234, -7.631262106861629,-7.096738447892702, -3.0502637408608,-8.659707280288842,-41.821552072475775,-25.497898516150812
235, -7.154949727756568,-7.033029456497517, -3.160765259443331,-5.328820906016878,-21.97033709917961,-30.125933038671043
236, -4.575007930594645,-5.873579202423052, -3.3873461614646114,-4.662560650343103,-3.5609995609196714,-2.8845544909179526
237, -4.8545143291569,-5.768791930923577, -2.322725597319662,-4.629517668906254,-28.148750378574245,-2.786224632394013
238, 0.8415260221121671,1.193420019274243, 2.0590573183770813,2.051540253067159,-3.3049542066407853,-7.491231719341988
239, -7.0747509894907825,-7.535578300906187, -2.948585847925857,-5.537155452423523,-36.65145361727492,-11.338532147993437
240, -6.328050468733766,-6.5672085117038606, -2.0501074854640673,-4.96244951552156,-17.5590900926772,-39.535190058524535
241, -4.617387988165866,-3.9752115254508347, -3.5620426765927418,-3.4142872298124387,-3.6565179857835517,-2.2627651819010595
242, 9.912680125010377,12.082472204847154, 11.857445678616038,13.27849422318942,-3.5074157486616038,-42.267153139657665
243, 5.259591823257395,6.973216183588942, 7.37850041830826,6.899605332537307,-13.332978789457721,-2.2818345131865705
244, 3.563861431852093,6.372342411444654, 8.487843695327829,6.741987162439733,-13.912553458690182,-2.9628932783539437
245, 9.043043156633411,11.336457305944638, 13.07649209405571,11.604531161649689,-13.42610186336057,-7.587564164257471
246, 24.17241842386456,25.458021585027502, 28.15715312498583,25.274733006809896,-28.1176145884857,-7.654275015975318
247, 1.775013294019914,1.1163094233787392, 2.5632073892912355,2.384042382097937,-3.495014081784985,-7.0232935149492866
248, -6.370859574969442,-6.2110475267375715, -7.509167987856954,-5.483168653607224,-4.622792844121091,-7.122438772725274
249, -0.6037171097011867,-2.603217384949949, 1.3349686804940208,-1.0575471496342503,-158.27059814437013,-37.50923553152708
250, -5.094151464134645,-4.993115031835722, -3.4239253614954173,-5.624930606816834,-3.7684106876617007,-3.806800034014105
251, 4.959759656464518,5.720536339772993, 6.6585413671767615,6.6222567642222785,-13.004614277575925,-2.7345661735506246
252, -6.372901924307818,-4.473446632276076, -3.2754631571530517,-3.8321661920674033,-3.20148568730024,-2.429570378865685
253, -4.558930291770227,-3.9165130916672894, -2.6362471362239375,-3.707817020332978,-3.021871777774551,-1.5399743675953055
254, -4.781309398403066,-3.8245437220445995, -2.3308773198346624,-3.7159020138462098,-3.1302778827456814,-2.2299169691800955
255, -5.64299928654509,-3.5110652224742234, -3.5492773216371902,-3.5492867108395543,-2.35865406429885,-2.466232753079688
256, -5.055779099868307,-3.5412027467419396, -4.397323977528192,-3.373749179273376,-3.1226140830968023,-2.2455234341423513
257, -5.878321044184812,-4.66298047593845, -3.959062914697549,-3.3087764675301736,-3.252405228269974,-3.4183999346007488
258, 1.3886964309409102,0.8532290609317424, -8.419643170230938,0.3328680099296051,-3.212840401397995,-6.763124000888612
259, -6.2588001438821355,-6.50566350083101, -4.1582749032248785,-8.667991193913567,-5.671798800607051,-17.775657648459305
260, -7.442282502692917,-8.1245962753695, -2.05493783969054,-9.787551971236436,-92.44581518090905,-25.94489995201963
261, -2.113260158361357,-1.8798248679021525, 2.033485390890077,-3.64153969612397,-33.159418702375596,-74.68494004594186
262, -7.655793156582068,-6.228319163460813, -2.4075220535515762,-6.926475884821049,-41.677554229016366,-3.4949018062583024
263, -7.334328970088867,-6.189174053884286, -2.165583936430088,-4.623362990571293,-11.310531681915984,-3.1911072569012346
264, -7.261343057714689,-5.829800287387465, -3.2618618422290306,-4.925249834220097,-3.195660784087497,-3.1742390747201723
265, -5.610261892551207,-5.090691965570995, -3.4878705361982996,-3.4202803599518985,-3.6650477577773906,-53.42134815357521
266, -6.398270289090547,-8.224238469732619, -3.381599345456511,-6.858077619534242,-22.18244517859576,-141.27392206943173
267, -5.192953360577646,-5.784111191210048, -3.156727686668159,-3.799514818455917,-260.1568226204557,-3.613751682170179
268, -4.734992226969305,-6.054136454221532, -9.915224953316708,-7.508608847466262,-75.11019159716429,-10.242316399458074
269, -4.084769303803231,-5.9946694464173245, -7.344701034761483,-6.545101661272057,-32.65857299931525,-3.2662390951860667
270, -7.530181086466884,-7.835199107404354, -3.6836329998610635,-7.2452443764511685,-17.795789247818472,-270.8241496778034
271, -4.748080239662228,-6.030880966446186, -3.4162565016521333,-7.486988352338584,-4.223634250138912,-3.328415609570848
272, -5.330695301560436,-6.956706394343277, -4.249993349516992,-8.611180338166074,-96.53389146118316,-36.09597415286176
273, -6.384389889582469,-6.7698380041507455, -5.919313052152164,-5.982720002093098,-337.2128411271767,-3.2300233332394206
274, -8.574533979480698,-8.37057841718252, -5.530881052627974,-7.1158650958532785,-110.78861380918161,-119.26103404607483
275, -5.559115433151231,-6.194741601449822, -6.88546560577731,-5.337123623407116,-3.2396956510745696,-3.589472803362474
276, 3.866025977669525,5.099683805907993, 0.39608918642910546,7.1027209715447075,-12.893623302459645,-3.6116292406721757
277, -6.418895461724936,-4.966684671152605, -4.1265594431671895,-4.843178748597107,-2.6495212698485324,-3.2618978345843805
278, -5.348994994554508,-4.341053264648243, -4.28522610453754,-4.352822493486924,-3.2946258508647626,-3.0422302176680245
279, -6.6765576064651215,-7.021098125337083, -5.4298650263133394,-5.617022311348064,-3.300877872141736,-232.72264872126405
280, -6.71061888085825,-6.331528779399335, -4.002256641065018,-6.523143524077829,-57.22815207664462,-44.06889119972042
281, -6.167206468302238,-7.11175477911188, -3.146815327775681,-5.823247733192059,-19.67914924257064,-3.4666375506611993
282, -5.102493320750581,-7.398264833199068, -6.439829761271112,-7.805318030958414,-89.68176687012365,-3.0997849180098433
283, -6.057065530680588,-6.705073574023924, -3.012806336155256,-5.83049707714106,-38.838275569155535,-3.192162680942022
284, -4.70804688118965,-6.2896853987966725, -1.7960039367905962,-5.224287265857461,-105.57225846294652,-3.244230694715662
285, -6.340220672420394,-6.97861475518314, -3.9854727737484184,-6.508418569888233,-16.637886056541433,-55.74157839608759
286, 4.899555071665433,3.581081777457494, 8.50579309665162,4.48636075268936,-122.1297956012719,-13.392505286831751
287, 10.081549375513088,10.127601096136932, 13.412131135530071,8.858057989793553,-48.07658667948457,-3.138722021383511
288, -5.006125941203889,-5.543555609222825, -4.649550549705645,-5.650617956232167,-3.270951595015801,-11.149858075647227
289, -4.962163593838256,-7.042775009939586, -5.078522804198013,-6.713737097778853,-3.12008903313495,-2.4726057139798407
290, -5.547124122559484,-8.408805032382446, -4.295637354894056,-7.902352555311205,-4.00673255679551,-2.8548981049900175
291, -6.3134834860933395,-6.702918032588926, -4.341085616427789,-7.5683803509968195,-61.112675098663445,-30.429058508461004
292, -8.407688637530821,-8.177728254054124, -3.879164590424381,-7.476313083212936,-3.8122078321424344,-3.0790190518335456
293, -4.862681212276594,-7.317048318545105, -6.708500915307869,-8.130457219628394,-69.1616192597669,-10.114986041574866
294, -5.080497468807155,-6.03624172820328, -5.378664657175335,-6.892827110655618,-41.29288192270863,-2.886256465340018
295, -5.5734007503244305,-6.0312653745860345, -1.7031590758028832,-4.97646043509618,-66.83975165094908,-3.21485793385944
296, -5.598064030062423,-5.333352529745695, -2.682856611583385,-4.895554692853225,-3.377452908395192,-2.776597919124927
297, 3.8807738456437546,5.9755986183820715, 7.746515620129539,6.9169935002813405,-86.17395241544061,-1.8151754089099832
298, 14.737651590871684,14.735974943919686, 18.68359364868815,15.786272173454016,-145.67275683927974,-24.513920374874633
299, -3.89288674912109,-5.828365328662441, -2.415775260286374,-4.234472981748527,-152.10437143186158,-2.803549076852505
300, -4.801430912345535,-5.030510898500044, -2.5615205815127067,-3.742567745651301,-2.508092114368603,-9.565327585421551
301, -8.385155468206818,-5.679822042645251, -4.040971476554709,-5.028192432619996,-4.496265574654712,-45.1638123002271
302, -7.074874011011121,-3.151366511980432, -8.52104916419146,-6.1877363627157616,-3.5769751155442195,-95.72304203473634
303, -10.639444810061597,-6.2289703388445234, -6.965109006868783,-6.824109886087626,-78.46205510809122,-297.2912427872136
304, -7.454408726444229,-4.297682049025479, -5.731932898558351,-5.861595954255826,-3.927807934729395,-109.8613361944367
305, -6.422931001821947,-6.0170178053857075, -8.411475083887712,-5.363765074750165,-3.690248783826282,-20.43239608129679
306, -6.218170665306214,-5.68081541846569, -4.9797979365598115,-5.420703641055831,-4.689559481979069,-2.9091384717278888
307, 36.272067576296784,37.192398492132284, 35.84183308226107,36.72285095228281,-2.654070034895992,-41.97241279412155
308, -3.5881143722439606,-2.8708662890744, -4.3778699914244905,-2.733306746589765,-2.5675874832924404,-2.472253484917275
309, 4.648904547806044,7.637757474011249, 2.322935653730152,6.257027286322041,-2.381691088158142,-11.880729750900205
310, -6.045090693528859,-4.182163658103726, -3.333061385650228,-4.234352985449482,-13.62804464449453,-2.764992764688866
311, 1.093896194821323,1.6210593123451247, 0.564077333626205,1.3918518496916277,-2.994473978233383,-7.621237214731903
312, -4.267554736356028,-4.266887276635629, -4.647962861804772,-4.5863223901966,-3.2902895024256775,-2.7970194696626867
313, -4.942196509712671,-4.042283371745544, -3.530131810833259,-4.2157206754007825,-314.26555501453066,-2.7951144329275146
314, -5.388336545160923,-5.037950764694834, -9.372265229843148,-5.812913765592131,-3.2739462746260073,-3.0675977416395805
315, -4.892078580116148,-5.1758755916491745, -3.6229998267549863,-4.894321798816028,-30.51227264449642,-3.1425460690748452
316, -5.329972636097942,-4.449219255050217, -3.594172236165134,-4.032085770577707,-118.4347173343583,-2.7002064455620123
317, 5.895729728540409,5.731229245470524, 8.137293968747034,7.473042423074099,-11.522348639629262,-3.061549909590487
318, -2.9975831925784093,-5.916507512060607, -3.6420854397952396,-3.7003134521619563,-146.5832934127813,-2.793443426475988
319, -2.659749405735296,-4.477898068838725, -4.499826213361205,-3.4834157804567347,-1.503322301491795,-79.76856398007762
320, 11.95080311630695,11.006124890903951, 9.152389665715052,10.953294974825921,-20.954960933317928,-17.709926392276532
321, -0.2919081667664205,-1.5008866109462218, 1.937937680194273,0.4153976614270328,-2.6858163453038584,-52.90705623943535
322, -6.085158603513612,-6.559964735219013, -1.9899810300312828,-4.193167445252566,-68.1637011831733,-3.181831276371133
323, 6.089484746749191,5.4024503504510095, 8.354978161389548,6.766522817315879,-2.753417816059045,-12.604350455971105
324, -4.390952954373377,-6.4410763476128, -4.237527950526751,-4.480954454093854,-98.70237451241753,-2.679361130412237
325, -6.5965991186991335,-6.925960542271426, -2.2198456216456894,-3.825521718170896,-65.6350658069418,-102.1820392363172
326, -8.084650207333825,-7.463883526729887, -1.4626171071806415,-5.997926229073972,-196.71931595371402,-235.01962006188205
327, 5.5432019271465265,3.6263778377903297, 8.00470910598904,5.471756733508194,-167.98280209453273,-56.885241147438855
328, 16.05508575049858,16.657891199915724, 16.07826825003504,17.87883155031341,-260.4383900965642,-103.96038111603362
329, 1.3637803174955416,-1.010678284472946, 7.689192049970771,1.5168267356896943,-67.01508739458394,-166.1633111118467
330, 7.555712085967201,6.958845098915146, 13.104711344566798,7.191021733964564,-106.82274181935018,-120.91753281569022
331, -8.359753581548137,-4.135450338048981, -7.384028319675692,-3.1555154143936965,-11.144293796661769,-13.204125663556905
332, -8.885939204162325,-3.1659047411774663, -4.937678382080183,-4.4200984455317185,-87.46188530303668,-43.073549148930674
333, -0.30893985263648005,1.2239852869141967, 0.9887120348898831,-0.14962634981477307,-19.234845850100392,-269.6896839072667
334, 11.45136008698299,11.416900409711717, 6.410611373167486,10.390245065932913,-8.374269629901006,-106.56126684025007
335, 40.03206233859652,41.66080279206419, 40.43824990013293,42.27035074606118,-330.0133311074574,-64.18608082769117
336, -0.4187107339671431,-5.829833020142491, 2.0161926825230396,-3.9952726951773174,-199.49194568421012,-104.28966271628711
337, 7.299768298066366,4.8058033869572, 5.348835236249067,6.192769334665486,-6.799703357816845,-264.4927501780806
338, -5.119200823979112,-8.08022656025965, -4.357575627703975,-4.383682231921903,-423.7398583481563,-3.096216270312072
339, -5.090394545476983,-5.216603058564965, -2.9411792157312115,-4.788175540264197,-234.41192785486743,-33.675304753698306
340, -4.568327190339483,-4.322894339255065, -3.0715154093285184,-3.2452760283431887,-6.48361498653539,-8.069350230226357
341, -6.23301003400619,-6.500155459426631, -3.678835377633303,-4.020606608501149,-341.61830346802844,-2.4870099564413595
342, -5.664451482117898,-5.543996053019762, -3.073203152332839,-3.9661362595541427,-489.2653037696971,-2.130961318550447
343, -4.33755911694446,-6.093146289795162, 2.341083755794811,-3.2397132762050487,-656.6526348350787,-293.0716300368946
344, -6.148161717206533,-9.566770567808767, -2.5222365137507445,-4.946422777936885,-4.478418995742263,-181.91127561026573
345, -1.8720511569353964,-4.625072939172344, 2.986628172760774,0.12899385576974082,-4.399553419383605,-154.79603133490053
346, -7.642286796780675,-11.198760148179504, -3.389206383210987,-7.788130385990034,-529.8615187429984,-98.66486019995277
347, -6.820106643712295,-9.463823301017342, -2.6428159905014312,-7.676656475544846,-498.967929864158,-56.42545907156517
348, 2.7571805112713785,2.0215381512641475, 6.185187124935742,3.5155857683835503,-665.5281910867008,-19.59287347821277
349, 4.623204198468224,2.099043482182503, 2.878233455213453,5.837092094371932,-3.575722570935947,-54.882608441268474
350, 3.5384188913642154,2.4487897253713085, 5.997226345931355,4.645616426358316,-3.59846981426725,-55.26079264078101
351, -6.949113682893497,-9.858564135147148, -6.7851064168993505,-6.173309606294627,-135.9520472206832,-75.25910413753587
352, 4.270913037632136,2.6087722566676836, 8.549966539485899,5.714948508983051,-3.1740282088073086,-13.554150160159512
353, -7.255568839111209,-7.703410730056327, -7.596647537314004,-4.767012144911648,-735.1667093782793,-52.25227562549132
354, -6.953402265930848,-8.095121705196092, -7.2286302458160865,-6.661308752397692,-823.4719852104669,-28.751790031020814
355, -6.984727380895394,-5.864446413619614, -3.706099411257325,-3.0217297021320073,-245.65470055656198,-2.466325709837949
356, -8.874534354549072,-7.990988414849736, -3.852381389515645,-6.16670883696145,-756.2668080640342,-48.34229534440299
357, 16.557151608653616,17.501501458707043, 23.22888089611636,19.08505477094862,-3.2851544185357104,-73.15325376445095
358, 4.548471041857601,3.6948956402459303, 7.872646146778475,5.179571575853571,-3.359757267602702,-163.26798242150085
359, 5.778052614722105,4.652671732923507, 5.814055143780843,6.824072255410295,-12.217053037345254,-561.673520723034
360, -5.45309981260949,-6.638677507331074, -2.895552608079912,-3.6366657847720214,-117.47133011520125,-2.9280753763823197
361, -6.876559516506525,-8.753283785063939, -2.7254509093811428,-4.352025405401238,-313.4341972298155,-3.1715962957170007
362, -8.103835119206735,-11.263463064109786, -6.0352440889119,-8.857161381926954,-4.464950057249524,-129.16359405747932
363, -4.588265380449479,-8.497870117149189, -5.771854862890951,-7.202076324971199,-599.8812791135755,-2.771226782628268
364, -2.4208782011506105,-7.164338582495213, -7.4081411618858,-5.999309909808664,-225.9090322554814,-2.52180771199059
365, -5.367915495126042,-7.804949273477774, -4.582497679929989,-6.633812559469971,-179.95556297070698,-20.00058417143342
366, -7.922680548631833,-11.615944022997143, -5.383088151382549,-8.7711801531866,-401.90226205335495,-212.04023658747718
367, -8.103460933267119,-6.807878960283317, -4.014785802962802,-5.611440204358078,-60.39798155751761,-23.592121823222335
368, -6.052853967498649,-8.054391806665993, -5.499120827344506,-7.571232367817508,-637.1815308948771,-67.16744415878979
369, -8.765591228355497,-10.35260086659508, -3.9257338203995467,-8.902423346212144,-761.1558140059966,-38.532061962182084
370, -8.583245735253492,-10.120804355517473, -3.337495654023472,-8.216136217670986,-814.7272829980499,-125.38727763410478
371, -6.058559915282031,-9.081523799464444, -3.9908694622686522,-8.039303545499594,-836.1230582171548,-106.10653174568523
372, 21.957291766342884,22.75273392271873, 23.2512022714983,22.11291793985108,-21.720299664849602,-81.47880188625454
373, 22.191632907350204,21.82020198012488, 22.451259793129246,22.704315315754965,-27.160430170993422,-113.80959323162037
374, 6.466663531773353,4.79628353175739, 6.514468244985644,7.389834007332258,-13.229519903110493,0.31528101197114633
375, -4.14555883669081,-5.698347158699386, 0.881445061252777,-3.215795068329173,-385.0411414174263,-452.297456819738
376, -5.200506137449464,-5.8994184198495825, -4.648459741605452,-5.08554684691202,-10.276766955649808,-64.27160115793876
377, 23.10967377827379,21.43514495912769, 28.293832561518695,26.372554366308567,-487.52787793704954,-136.31622696654742
378, -6.289622252319782,-5.6625127944440825, -4.311943283550267,-4.019593269528337,-4.788395713168943,-44.4613127512674
379, -3.225631803648384,-2.1472175772531714, 0.5752019860475749,-1.885966891807575,-155.0416124476402,-275.2681660687871
380, -7.064597527810204,-6.842155493368014, -2.8305488169980104,-4.7763278732505325,-115.00905047815041,-218.87352402556402
381, -3.4302684537758403,-4.18909975036406, 2.022143473168451,-3.359140534221845,-200.37444626162605,-242.69163669090338
382, 18.701592855058966,19.01243906463678, 21.09213103242543,18.469793231406566,-34.52881368680264,-161.76582283661534
383, -0.36146449823537385,0.538994877865894, 2.60413511567703,0.5112739371915254,-28.22689861480714,-77.41744751814853
384, -6.234684638740197,-7.941820417658274, -3.896356243655263,-5.676887117061399,-58.61511382267976,-120.35193679238829
385, -4.792656371388551,-7.551880786049239, -3.334181990773617,-5.344898497758809,-3.6306210664329384,-47.21454009644248
386, -4.48715764014748,-2.428602522219526, -5.64762633057496,-2.4798182935386177,-99.69815602788147,-99.91715690327935
387, -7.696064491620122,-4.19977020780405, -2.4081206253157825,-2.642087973688159,-3.2011318305397416,-118.52741910129166
388, -3.86179441808778,-5.053343434780258, -5.374620976393305,-4.28178113749902,-15.63256403807187,-190.9982713037311
389, 10.379566794303228,10.306649941357795, 18.663091171663194,11.907477911690258,-287.1379159593134,-309.3120472104793
390, -6.871982630340169,-6.554278620449991, -4.408610426922776,-5.338601968770541,-26.58127435409619,-158.65313959640685
391, -5.223733322069328,-7.292859887362865, -1.3794402746355994,-7.488618844041416,-512.7190289507824,-578.8367884874659
392, -4.670371625480787,-2.702435571061567, -0.4669410650024644,-3.181963771017525,-164.69491870117568,-259.49439206023055
393, -6.748588082994466,-4.534230476663911, -5.770555374539013,-4.685042866214416,-132.71851865838323,-262.23044196187027
394, -5.445758185910935,-9.509187222906231, -3.5365573539115185,-8.334005657332376,-2.687290260641388,-111.2435002779103
395, -4.203277167019006,-8.648098274306344, -5.006136564271654,-7.5448522766644395,-3.1197418078140156,-159.19020865477324
396, -4.9679081027979715,-5.256828056586353, -2.685661095727837,-4.422162754535371,-3.134510008226072,-155.65915882557485
397, -5.9658946331246385,-3.7080204116017623, -2.106580853489108,-2.5293045227001287,-3.0571783029328534,-172.9228706448318
398, 6.544840032592824,6.236901977977213, 3.3742288917751653,4.73999600663802,-16.90943022411168,-77.72593315434472
399, 6.954525377986359,3.917811871768454, 1.457398514240502,4.0874358502514285,-17.89265897544186,-90.31068287767728
400, 16.098502033079804,14.873499323137544, 12.732023392470868,17.8459720188461,-21.937960592863277,-78.65108577009714
401, -2.2154884731453035,-2.3625640012026192, 2.93007112576934,-0.3871919668373604,-326.9290465633898,-334.6028016396231
402, -8.578655938122342,-8.885558454261345, -3.318035623386728,-6.115031918747007,-243.13720090717186,-283.294664040694
403, 32.49970017749485,30.343804417350515, 38.84734730506432,33.68259338358415,-355.3437175806702,-393.3107616467023
404, -6.201275102139028,-4.958012668717087, -4.033174752432543,-5.736272371597065,-270.11798218421467,-290.45365487331367
405, 6.1541604006634225,-0.9386181074643785, 4.234830450965211,0.3223926601270952,-2.716321277809684,-179.21259713596683
406, -4.617342454076025,-5.77920022590455, -1.7320415891860408,-4.881740851757181,-2.5098764749560596,-195.75776292382454
407, -0.37091530541919976,0.23206352492378735, 3.3016409712817607,1.3972430272871124,-8.067290622502211,-112.50784971880317
408, -4.195270266856004,-4.661848710940343, -4.3045945662832645,-3.0799040212369126,-50.410436752943994,-118.37996482152103
409, 10.096866912964815,9.247036506979192, 13.64992911712193,11.743480249525616,-12.946469778573602,-92.63644790155752
410, -6.111983342987542,-7.544155017523484, -2.8515573107958785,-5.584681338362231,-79.78464264765431,-3.1553266417265093
411, 3.2716937952090817,1.3840596831984733, 4.183103483036987,3.7410616622330104,-138.38209623807867,-35.44695474153137
412, -8.728914101747106,-7.597660276153928, -3.840953940121265,-6.771100947823417,-63.264879297035264,-3.2231366466051083
413, -4.643214917334674,-8.466994392460158, -4.795170948265422,-8.039163547239005,-237.82036282144094,-2.6045341428703317
414, -5.8543406965974585,-8.781859012199776, -4.858745281424818,-9.353822196195583,-168.88509921298342,-77.58011100557906
415, -2.9375443007054174,-6.545217878935276, -8.929208677888218,-5.667908251711489,-105.63099607421015,-6.19914233376217
416, -5.771076344975311,-9.225258783410405, -7.652138508047847,-9.120909018431554,-150.3305225907233,-2.6226448220586582
417, -5.4086214370610755,-6.975753094530489, -4.11521744990375,-7.157731314107054,-314.34963986852136,-3.021477135114383
418, 14.944608723411468,14.164333717256438, 17.971257138884166,14.420833652213048,-4.091643666302967,-65.38910169375143
419, -6.634862652157621,-9.526893225363851, -7.832076320004686,-10.557500695679996,-90.27172688633321,-135.26774408848595
420, -7.214970629534696,-10.287433002539204, -8.357330005239342,-10.446369553602391,-48.066483526069,-76.24244212287415
421, -10.786237343208736,-10.010236601180495, -6.064085258275072,-11.160729612816654,-183.30242900316918,-3.070575751318477
422, -8.988740200139965,-9.991703554189383, -2.0939789110438616,-9.749536449300019,-177.48930240321914,-3.7543738685754104
423, -1.5557852623828305,-4.860456322742272, 1.036059860310601,-4.828851224312908,-151.90031145152673,-7.795039225511712
424, -7.040254180408622,-9.08857846429866, -3.9743383966049293,-10.711047877372247,-188.9201586820516,-3.4451223197070693
425, -9.115664648858097,-14.321221113289287, -3.8272537532589697,-12.793567385639497,-245.13350706731333,-282.306386743651
426, -5.269256201604696,-7.34886114645222, -2.885725153525757,-8.031314540992446,-2.9229777326876767,-256.0965522857374
427, 4.999258010007948,-1.145368104153638, 4.1717102671201385,-3.137764388477799,-178.89088893892185,-108.97286527944438
428, -4.518474846919599,-9.872352239331752, -5.21288200297873,-8.910320729460024,-10.44050669444577,-88.07519182628747
429, -4.6446704225718625,-9.833676753940047, -5.819310879484071,-9.711840443112273,-3.3328713188263146,-21.788110208311693
430, -10.593316638516672,-12.217454156737372, -6.852970557970086,-10.48731355619373,-196.88495221307383,-104.76448109988526
431, -9.539473539273931,-12.898805428019227, -8.73594768498593,-11.61364766774726,-27.793238817443378,-173.9549594472238
432, -15.487084079245138,-13.883399341639256, -5.060786236014801,-11.586818099005239,-558.7050874749598,-436.4041732120011
433, -13.43687061079725,-14.423541592141921, -4.000304919255041,-12.193498776582768,-487.31383559014193,-712.4596180953919
434, -7.78481478296316,-7.622232123571104, -4.420066781160695,-4.808610753543618,-3.2926773839909846,-378.9969226586021
435, -7.715757923687692,-9.384813566994996, -6.7577214425019365,-5.707268149715989,-5.32158736229763,-799.8472718896024
436, -6.67026270717304,-7.615494093040536, -5.912076347317544,-5.24276623766371,-3.226862411825677,-783.641868183092
437, -4.431865274817422,-6.612369517413309, -7.077789448962743,-4.616125910920951,-3.2819327212106377,-486.04781775103527
438, -5.58170623082078,-4.634540064617113, -3.551882329062348,-4.584993189812879,-2.723631717599508,-168.35796753143092
439, -3.187045123045814,-6.8822549872571805, -5.895833726646395,-6.388818956226931,-7.207438438418355,-2.5164580589522467
440, -3.8430839674521984,-8.95127407878562, -6.21607012606959,-9.164177829414715,-94.55374260404515,-37.54143797920559
441, -5.528184036171294,-8.975910106774345, -6.944368983679345,-10.063994512829943,-85.72551588918141,-4.277055622927592
442, -6.806794191396638,-11.160761464788447, -9.731133778672689,-10.387581752901815,-61.29367932038674,-447.825051402833
443, -8.858145877398188,-12.420205472477992, -10.815121422896398,-11.690585154080358,-107.51262785987318,-182.8573917843894
444, -5.57046007344597,-6.069537931689518, -3.4974932902766698,-5.128089191973784,-6.6903798396316185,-3.882625783806979
445, -10.266453648596785,-7.964225447056631, -4.600250016435292,-6.674012429245482,-432.77033283589367,-453.66542210575335
446, -7.459931892479653,-5.791215196893381, -7.310873487084771,-3.8862233526828445,-3.4181098257478397,-91.61501458376588
447, -7.601699832269712,-9.384033024086634, -6.985975950559663,-9.862841191741197,-2.2279144308020875,-2.265208806555509
448, -4.655377771252589,-7.271233727461235, -5.706795577405925,-8.554935707107981,-26.260932536803917,-2.1238270105321497
449, -9.197904716061771,-6.948521688333261, -6.546859848290158,-6.150747984047191,-2.9465155999959096,-3.409462052199025
450, -6.162178321513527,-6.479249194634402, -5.03130747866549,-4.726194522256424,-2.341677163930165,-138.20207641228112
451, -8.234226060216603,-5.246386082153259, -5.421046428136317,-5.273549997444395,-19.90598773026783,-2.806169253682716
452, -9.227206291056099,-6.198336151928101, -5.774527958481263,-5.391184065600259,-122.11459357719332,-3.108540414164936
453, -9.197684574374103,-10.24263301390096, -11.357821194266176,-11.15904710920473,-97.55263483813793,-2.6416815783211547
454, -9.495693378843162,-9.767099351626197, -9.097254889630097,-6.600712639696439,-2.495732816040761,-3.9299561666398506
455, -11.399756170154003,-10.57032861091578, -10.023201499568765,-9.455889582350094,-116.64001045353284,-12.933039782324423
456, -11.93054863394771,-9.251970903451339, -7.075054834091438,-6.558166117355943,-53.60692518893739,-114.6524444094466
457, -4.699107111301394,-6.650336279270109, -2.3607259114054964,-6.174795401974501,-3.3223576017124485,-147.83962124312242
458, -11.610575019127328,-8.14941805497008, -3.644238731510386,-7.289944137907477,-161.63366881185823,-231.99037704383827
459, -11.080276877119315,-8.980016880391299, -3.995749904471779,-8.451803693928097,-170.58748722131574,-380.6661533101849
460, -8.323432697671407,-7.078884648237415, -3.819696704798489,-6.444470802093414,-39.28592162058372,-387.8487400939294
461, 4.029788382501337,4.656501212083762, 12.470194437829425,5.766203815776288,-228.601774675411,-683.1407926106341
462, -11.167023179931034,-9.740962535747471, -3.8412670673121565,-7.516133552096554,-302.99549997433405,-381.5701150789306
463, -7.549999270195909,-5.921099780817221, -1.1955198523694008,-5.1854786158294575,-661.1695072647041,-803.6829473297016
464, -6.56035460092092,-4.075735204632432, 0.15734046921565384,-3.5690716134776475,-254.0860708630775,-325.4477519373853
465, -12.79386203534972,-12.843999666639139, -3.1532097894287583,-10.128625954167054,-432.380142598062,-759.0420640605781
466, -11.456332243223969,-11.376457796014245, -5.383784573929098,-10.222735102898595,-315.22348769413134,-306.4165031136768
467, -15.997728623407403,-14.001376971924564, -4.8059208124473125,-10.758521713903187,-579.4066134621569,-249.62903299843296
468, -9.256392475098265,-4.003415310704213, 7.622931618172108,-1.6484559522391953,-512.5965899566282,-694.7740052205847
469, -13.391850849875482,-12.988553472040914, -2.396113028134422,-10.752564720154346,-520.2201151035715,-855.2195056889972
470, -11.945729605347633,-9.840639838300213, -3.6294633232168954,-8.199188071035024,-130.04951672346178,-258.7908679696996
471, -2.736186530564656,-7.782998111914379, -4.562020621858776,-6.333468351802114,-2.731011525187703,-395.7990885821609
472, 7.560999112255304,4.638293035889993, 4.484431765870911,2.7999589247550434,-14.521787389853765,-12.395371587918454
473, -8.291301562539743,-3.9989820235949813, -5.068006913551592,-4.57194094608753,-2.8198494923893787,-57.76886166231757
474, 2.79883399542807,-3.5908823578815907, 3.2950673690210697,-3.908506650693112,-7.2205892638478435,-141.3659116058344
475, 4.8799202771742864,0.8516576746266347, 5.121526385571255,2.168702128884492,-2.855907682150615,-224.88581132530118
476, -10.126541946446238,-7.130607155265872, -5.470869317497626,-6.631135408105989,-2.467584314803159,-114.36032497215879
477, -7.328498579862999,-6.40969044217003, -4.50940062699215,-4.862362839710192,-2.547146795491071,-3.217059958626236
478, -6.05395333781265,-7.308682340744094, -3.9867521943930986,-7.420175489819766,-118.58220569806578,-4.0362086992580135
479, -4.806642595418011,-8.176505125233813, -3.3958230796020734,-7.514390249125885,-2.8296546739029904,-42.64682807751179
480, -5.412644609708968,-9.013762112226374, -6.103645542863581,-8.339856761570386,-8.056874156038212,-58.36017143517501
481, -5.11017942833522,-7.5003595610934735, -3.5609716039799224,-6.636248157282711,-3.1232137661096933,-3.793041237970487
482, -6.419934972755034,-6.07948980551572, -4.0792818311806425,-5.418518818337396,-72.79647227554618,-3.296652369892447
483, -6.956400487815497,-5.9829136253885356, -4.933646760086628,-6.320108690834087,-180.14352793623559,-3.472498535400551
484, -5.158372348243802,-7.662032284837699, -6.447515593487682,-5.955389009125683,-101.00732022146943,-3.584958433510827
485, -4.251245966968067,-6.873216124752222, -5.909388108806395,-5.778957098401998,-4.822691973871667,-3.3221322933022273
486, -5.248559976919026,-7.9143525880739825, -6.373630686336932,-6.13824515776167,-214.02660043700854,-58.727373870542266
487, -8.6976919112959,-7.592514804946689, -8.05389504790745,-9.492790310173168,-265.0424240604308,-179.41978197476516
488, -5.928246873211151,-8.482269849918815, -7.315774670067057,-7.425544356897153,-96.85572095317829,-68.41330022467375
489, -3.790380546773756,-9.450566045609015, -7.886891277191997,-7.047488963530132,-110.1490047562788,-58.67910400543653
490, -6.1518936229849785,-6.5355629289614345, -3.2349186326605373,-5.977586107283567,-92.11831873892491,-3.5392376116679447
491, -3.413164392357066,-9.267717285847606, -8.241257196295479,-7.644634274525724,-100.99908478745203,-149.94624085343645
492, -6.48235631080525,-8.402499002649447, -6.740183557270319,-9.228419722926487,-106.5318602427124,-18.56920426887648
493, -5.426122092162734,-6.210491923825747, -2.5770143831548378,-5.614332771583211,-192.0259431718758,-5.970652987655718
494, -4.072647606694968,-7.545694555663435, -2.4285551646435803,-6.611781326541601,-428.8450900034731,-3.5109711442723404
495, 2.6333917593546308,0.02632800761556847, 5.766709068087598,1.0043382918545942,-323.39060588933177,-171.1455318458324
496, -1.303157373381088,-4.230758839195948, 0.8829295063300538,-4.42868945358287,-317.0010837206468,-44.54156560032776
497, 3.8683805066578465,2.5669883981474313, 7.737536103293595,2.3547323100659754,-167.30974779883667,-22.780739516889646
498, 4.5087659509881455,3.2117445376394755, 7.691109943166464,2.978170445295195,-167.21721964669933,-19.051970002195176
499, 6.8481242505326225,7.560118022661114, 11.763654669216274,8.484988000676573,-62.97475510894074,-18.227799073148738
500, 1.4916527076076895,1.5939151560780926, 5.886705918951598,1.2906946902343495,-105.13596193480173,-44.480460097664185
